{
  "view/EmployeeDetails.view.xml": 1621468077960,
  "i18n/i18n_en.properties": 1619745541702,
  "controller/EmployeeDetails.controller.js": 1621909804763,
  "model/json/Countries.json": 1620193146471,
  "manifest.json": 1621969568071,
  "model/models.js": 1617026844795,
  "formaters/formatter.js": 1618458965485,
  "formaters/EmplyFormaterType.js": 1618241741248,
  "controller/OrderDetails.controller.js": 1621969515142,
  "controller/MasterEmployee.controller.js": 1620937477782,
  "controller/Main.controller.js": 1621963838733,
  "model/json/Layouts.json": 1620193154198,
  "controller/Base.controller.js": 1620937477774,
  "controller/App.controller.js": 1620937477766,
  "control/Signature.js": 1619803394661,
  "Component.js": 1618427829890,
  "Component-preload.js": 1621969567927,
  "manifest-bundle.zip": 1621969567465,
  "control/Signature-dbg.js": 1619803394661,
  "formaters/formatter-dbg.js": 1618458965485,
  "formaters/EmplyFormaterType-dbg.js": 1618241741248,
  "controller/OrderDetails-dbg.controller.js": 1621969515142,
  "controller/MasterEmployee-dbg.controller.js": 1620937477782,
  "controller/Main-dbg.controller.js": 1621963838733,
  "controller/EmployeeDetails-dbg.controller.js": 1621909804763,
  "controller/Base-dbg.controller.js": 1620937477774,
  "controller/App-dbg.controller.js": 1620937477766,
  "model/models-dbg.js": 1617026844795,
  "Component-dbg.js": 1618427829890,
  "Component-preload-dbg.js": 1621969567927,
  "resources.json": 1621969568074,
  "view/OrderDetails.view.xml": 1621969515134,
  "view/MasterEmployee.view.xml": 1621468077960,
  "view/Main.view.xml": 1619437237205,
  "i18n/i18n_es.properties": 1619745541794,
  "view/App.view.xml": 1620846416971,
  "fragment/TableOrders.fragment.xml": 1620937477794,
  "fragment/TableEmployee.fragment.xml": 1621468077976,
  "fragment/NewIncidence.fragment.xml": 1621909804759,
  "fragment/DialogOrders.fragment.xml": 1619114140089,
  "css/style.css": 1619458082185,
  "index.html": 1619480317290
}